{"version": 1, "notes": "", "documentation": "\"This file is a QMK Configurator export. You can import this at <https://config.qmk.fm>. It can also be used directly with QMK's source code.\n\nTo setup your QMK environment check out the tutorial: <https://docs.qmk.fm/#/newbs>\n\nYou can convert this file to a keymap.c using this command: `qmk json2c {keymap}`\n\nYou can compile this keymap using this command: `qmk compile {keymap}`\"\n", "keyboard": "kprepublic/jj50", "keymap": "kprepublic_jj50_layout_ortho_5x12_mine", "layout": "LAYOUT_ortho_5x12", "layers": [["KC_ESC", "KC_1", "KC_2", "KC_3", "KC_4", "KC_5", "KC_6", "KC_7", "KC_8", "KC_9", "KC_0", "KC_BSPC", "KC_TAB", "KC_Q", "KC_W", "KC_E", "KC_R", "KC_T", "KC_Y", "KC_U", "KC_I", "KC_O", "KC_P", "KC_DEL", "MO(1)", "KC_A", "KC_S", "KC_D", "KC_F", "KC_G", "KC_H", "KC_J", "KC_K", "KC_L", "KC_SCLN", "KC_ENT", "KC_LSFT", "KC_Z", "KC_X", "KC_C", "KC_V", "KC_B", "KC_N", "KC_M", "KC_COMM", "KC_DOT", "KC_SLSH", "KC_QUOT", "KC_LCTL", "KC_RALT", "KC_LGUI", "KC_LALT", "MO(4)", "KC_SPC", "KC_SPC", "MO(5)", "KC_LEFT", "KC_UP", "KC_DOWN", "KC_RGHT"], ["KC_TRNS", "KC_TRNS", "KC_TRNS", "KC_TRNS", "KC_TRNS", "KC_TRNS", "KC_NUM", "KC_P7", "KC_P8", "KC_P9", "KC_PPLS", "KC_TRNS", "KC_TRNS", "KC_TRNS", "KC_TRNS", "KC_TRNS", "KC_TRNS", "KC_TRNS", "KC_TRNS", "KC_P4", "KC_P5", "KC_P6", "KC_PMNS", "KC_PSCR", "KC_TRNS", "KC_TRNS", "KC_TRNS", "KC_TRNS", "KC_TRNS", "KC_TRNS", "KC_TRNS", "KC_P1", "KC_P2", "KC_P3", "KC_PAST", "KC_TRNS", "KC_TRNS", "KC_TRNS", "KC_TRNS", "KC_TRNS", "KC_TRNS", "KC_TRNS", "KC_TRNS", "KC_TRNS", "KC_P0", "KC_TRNS", "KC_PSLS", "KC_TRNS", "KC_TRNS", "KC_TRNS", "KC_TRNS", "KC_TRNS", "KC_TRNS", "KC_TRNS", "KC_TRNS", "RGB_TOG", "RGB_HUD", "RGB_VAI", "RGB_VAD", "RGB_HUI"], ["KC_GRV", "KC_1", "KC_2", "KC_3", "KC_4", "KC_5", "KC_6", "KC_7", "KC_8", "KC_9", "KC_0", "KC_BSPC", "KC_TAB", "KC_Q", "KC_W", "KC_F", "KC_P", "KC_G", "KC_J", "KC_L", "KC_U", "KC_Y", "KC_SCLN", "KC_DEL", "KC_ESC", "KC_A", "KC_R", "KC_S", "KC_T", "KC_D", "KC_H", "KC_N", "KC_E", "KC_I", "KC_O", "KC_QUOT", "KC_LSFT", "KC_Z", "KC_X", "KC_C", "KC_V", "KC_B", "KC_K", "KC_M", "KC_COMM", "KC_DOT", "KC_SLSH", "KC_ENT", "MO(7)", "KC_LCTL", "KC_LALT", "KC_LGUI", "MO(4)", "KC_SPC", "KC_SPC", "MO(5)", "KC_LEFT", "KC_DOWN", "KC_UP", "KC_RGHT"], ["KC_GRV", "KC_1", "KC_2", "KC_3", "KC_4", "KC_5", "KC_6", "KC_7", "KC_8", "KC_9", "KC_0", "KC_BSPC", "KC_TAB", "KC_QUOT", "KC_COMM", "KC_DOT", "KC_P", "KC_Y", "KC_F", "KC_G", "KC_C", "KC_R", "KC_L", "KC_DEL", "KC_ESC", "KC_A", "KC_O", "KC_E", "KC_U", "KC_I", "KC_D", "KC_H", "KC_T", "KC_N", "KC_S", "KC_SLSH", "KC_LSFT", "KC_SCLN", "KC_Q", "KC_J", "KC_K", "KC_X", "KC_B", "KC_M", "KC_W", "KC_V", "KC_Z", "KC_ENT", "MO(7)", "KC_LCTL", "KC_LALT", "KC_LGUI", "MO(4)", "KC_SPC", "KC_SPC", "MO(5)", "KC_LEFT", "KC_DOWN", "KC_UP", "KC_RGHT"], ["KC_F1", "KC_F2", "KC_F3", "KC_F4", "KC_F5", "KC_F6", "KC_F7", "KC_F8", "KC_F9", "KC_F10", "KC_F11", "KC_F12", "KC_TILD", "KC_EXLM", "KC_AT", "KC_HASH", "KC_DLR", "KC_PERC", "KC_CIRC", "KC_EQL", "KC_ASTR", "KC_LPRN", "KC_RPRN", "KC_TRNS", "KC_DEL", "KC_F1", "KC_F2", "KC_F3", "KC_F4", "KC_F5", "KC_F6", "KC_PLUS", "KC_MINS", "KC_ASTR", "KC_SLSH", "KC_PIPE", "KC_TRNS", "KC_F7", "KC_F8", "KC_F9", "KC_F10", "KC_F11", "KC_F12", "LSFT(KC_NUHS)", "LSFT(KC_NUBS)", "KC_HOME", "KC_END", "KC_TRNS", "KC_TRNS", "KC_TRNS", "KC_TRNS", "KC_TRNS", "KC_TRNS", "KC_TRNS", "KC_TRNS", "MO(6)", "KC_BRID", "KC_VOLU", "KC_VOLD", "KC_BRIU"], ["KC_GRV", "KC_1", "KC_AT", "KC_HASH", "KC_DLR", "KC_5", "KC_6", "KC_LCBR", "KC_LPRN", "KC_RPRN", "KC_RCBR", "KC_TRNS", "KC_GRV", "KC_1", "KC_2", "KC_3", "KC_4", "KC_5", "KC_6", "KC_LT", "KC_LBRC", "KC_RBRC", "KC_GT", "KC_TRNS", "KC_DEL", "KC_F1", "KC_F2", "KC_F3", "KC_F4", "KC_F5", "KC_F6", "KC_EQL", "KC_UNDS", "KC_LBRC", "KC_RBRC", "KC_BSLS", "KC_TRNS", "KC_F7", "KC_F8", "KC_F9", "KC_F10", "KC_F11", "KC_F12", "KC_NUHS", "KC_NUBS", "KC_PGUP", "KC_PGDN", "KC_TRNS", "KC_TRNS", "KC_TRNS", "KC_TRNS", "KC_TRNS", "MO(6)", "KC_TRNS", "KC_TRNS", "KC_TRNS", "KC_HOME", "KC_PGUP", "KC_PGDN", "KC_END"], ["KC_F1", "KC_F2", "KC_F3", "KC_F4", "KC_F5", "KC_F6", "KC_F7", "KC_F8", "KC_F9", "KC_F10", "KC_F11", "KC_F12", "KC_TRNS", "QK_BOOT", "KC_TRNS", "KC_TRNS", "KC_TRNS", "KC_TRNS", "KC_TRNS", "KC_TRNS", "KC_TRNS", "KC_TRNS", "KC_TRNS", "KC_DEL", "KC_CAPS", "KC_TRNS", "KC_TRNS", "KC_TRNS", "KC_TRNS", "KC_TRNS", "KC_TRNS", "DF(0)", "DF(1)", "DF(2)", "DF(3)", "KC_TRNS", "KC_TRNS", "KC_TRNS", "KC_TRNS", "KC_TRNS", "KC_TRNS", "KC_TRNS", "KC_TRNS", "KC_TRNS", "KC_TRNS", "KC_TRNS", "KC_TRNS", "KC_TRNS", "KC_TRNS", "KC_TRNS", "KC_TRNS", "KC_TRNS", "KC_TRNS", "KC_TRNS", "KC_TRNS", "KC_TRNS", "KC_TRNS", "KC_TRNS", "KC_TRNS", "KC_TRNS"], ["KC_TRNS", "KC_TRNS", "KC_TRNS", "KC_TRNS", "KC_TRNS", "KC_TRNS", "KC_TRNS", "KC_TRNS", "KC_TRNS", "KC_TRNS", "KC_TRNS", "KC_TRNS", "KC_TRNS", "KC_TRNS", "KC_TRNS", "KC_TRNS", "KC_TRNS", "KC_TRNS", "KC_TRNS", "KC_TRNS", "KC_TRNS", "RGB_VAD", "RGB_VAI", "KC_TRNS", "KC_TRNS", "KC_TRNS", "KC_TRNS", "KC_TRNS", "KC_TRNS", "KC_TRNS", "KC_TRNS", "KC_TRNS", "KC_TRNS", "RGB_SAD", "RGB_SAI", "KC_TRNS", "KC_TRNS", "KC_TRNS", "KC_TRNS", "KC_TRNS", "KC_TRNS", "KC_TRNS", "KC_TRNS", "KC_TRNS", "RGB_TOG", "RGB_HUD", "RGB_HUI", "RGB_MOD", "KC_TRNS", "KC_TRNS", "KC_TRNS", "KC_TRNS", "KC_TRNS", "KC_TRNS", "KC_TRNS", "KC_TRNS", "BL_TOGG", "BL_DEC", "BL_INC", "BL_BRTG"]], "author": ""}
